,U-Net T+Elev RMSE,Transformer T+Elev RMSE,U-Net T+Elev Bias,Transformer T+Elev Bias,Transformer RMSE improvement vs U-Net
elevation,-0.030741893311173617,0.03021343922270509,-0.11630366900878022,-0.20227202038485448,-0.1014795201567637
slope,0.09414779829915554,0.13401822139268846,-0.14425082093043626,-0.21131457639631163,-0.06581273668694937
aspect_sin,0.04086244805080137,0.027769985771200854,-0.0400299915635958,-0.009954740259942713,0.023294172492023753
aspect_cos,0.10159247260482686,0.07914365175867627,-0.01481195184479614,-0.004595809245533954,0.041979398054841965
roughness,0.10136641123722413,0.13894962381470724,-0.13678805733395055,-0.2134206819318651,-0.06465429596173841
local_relief,0.10715354624594699,0.14198934518906725,-0.13960136081892194,-0.21455289142420686,-0.06022972823902158
urban_fraction,-0.16530641715866373,-0.1333624356534186,0.09385264848240672,0.02425902069290004,-0.06382892980607931
