,Elevation,Slope
Low,1.1440358,1.1153908
Mid-low,1.1060998,1.1188383
Mid-high,1.1193994,1.1139928
High,1.1162746,1.1375885
