feature_idx,feature_name,baseline_rmse,permuted_rmse,delta_rmse
0,x_norm,0.7492043972015381,0.8127557039260864,0.06355130672454834
2,d2m_norm,0.7492043972015381,0.7562999129295349,0.007095515727996826
3,elevation_mean,0.7492043972015381,0.7492043972015381,0.0
4,elevation_std,0.7492043972015381,0.7492043972015381,0.0
5,slope_mean,0.7492043972015381,0.7492043972015381,0.0
6,slope_std,0.7492043972015381,0.7492043972015381,0.0
1,ssrd_norm,0.7492043972015381,0.7409257292747498,-0.00827866792678833
